Jadi inget dulu pernah nonton konser sm tmnku, ditengah beribu2 orang trus tbtb ps aku nengok kanan, adaâ€¦ https://t.co/KV09AEFwCr
Masuk dan nonton LIVE Ayfaâš¡NonJob ğŸ‘£ di #BIGOLIVE: #music sini ada  
https://t.co/7a34YbA2jm https://t.co/FjY4fcOeRQ
@Kids2001_ Makanya pas nonton bener2 kejer, mata sembab, idung mampet, sama dada nyesek ğŸ˜­ğŸ˜­ğŸ˜­
@NetflixID Akhirnya kesampean bisa nonton Si Doel 1 &amp; 2 ğŸ˜­
RT @aciciated: Konsernya Wanna One, â€œOne The Worldâ€ in Jakarta pas lagu â€œAlwaysâ€. Ini bukan videoku. Punya VotumVidei (?) kalau ga salah. Tâ€¦
Lanjut nonton season 2 akhirnya udh males2an gak semangat, mikir lama banget ini alurnya.
@moviemenfes Yg kiri blum nonton,kanan bagus
RT @bayu_joo: main hape
bosen

nonton film
bosen

main game
bosen

tapi kalo ngga ngapa2in lebih bosen
@seterahdeh Nonton Konser Hapene ilang Ambyaaarrrr https://t.co/dMxsVW5mGc
RT @dongpyoeoma: Yok semangat biar nanti X1 Unit kebentuk sebelum Juli biar kita bisa rayain ulang tahu Junho bareng-bareng sambil nonton Vâ€¦
@AREAJULID dua duanya cakep pdhl, ak yg jauh dibawahnya nonton aj lah
RT @dongpyoeoma: Yok semangat biar nanti X1 Unit kebentuk sebelum Juli biar kita bisa rayain ulang tahu Junho bareng-bareng sambil nonton Vâ€¦
Ahahah baru nonton mv gidle, bagus banget ğŸ˜­ğŸ˜­
RT @fessthai: -thaiifess udah pada nonton belom? Moodbooster  bgt dijamin ngakakğŸ˜‚ https://t.co/HopFIxvUAv
@goldiechim21 berapa lama belajar dulu???

temen saya modal nonton youtube doang jadi jago ğŸ˜ŒğŸ˜Œ
RT @dongpyoeoma: Yok semangat biar nanti X1 Unit kebentuk sebelum Juli biar kita bisa rayain ulang tahu Junho bareng-bareng sambil nonton Vâ€¦
@RealArrahman @PRFMnews Nonton action biar tau caranya ngelawan yg di atasÂ² yak mang yg lebih mentingin dirinya senâ€¦ https://t.co/sc4m88CZW1
Kangen bgt
@kindinsmiling MAKANYA ğŸ˜­ w ga keluar kamar tp pintu udah w buka njemblang tu niatnya biar ibu negara terserah njirâ€¦ https://t.co/XFnRsjLVMn
@chochoseungyoun Aku sekeluarga lg nonton Ip Man di bioskop, sepanjang film malah nangis cecegukan...apalagi pas liâ€¦ https://t.co/kJ0f8Eq4x5
@lambofgoat Oh ga pernah nonton itu, aku nontonnya yg genre romance aj wkwk
RT @expelliarmusc: KARENA ğŸŠ IDLE COMEBACK ğŸŠ

AKU MAU BAGI2 50K UNTUK SATU ORANK DAN 20K BUAT 2 ORANK 

SYARATNYA NONTON MV IDLE JANGAN LUPAâ€¦
@kamumuslimbukan @krdramafess Ngantuknya ini endnya kapan sih? Aku nonton ep1 lama bangetttttt ragu lanjut kaya bukâ€¦ https://t.co/vGvZAs3PLC
GILA SIHH GW NONTON HIGH SCHOOL LOVE ON BERULANG KALI YA GEGARA ADA SAERON. SEMOGA BENERAN CONFIRMED MAIN SCHOOL 2020 BARENG YOHAN
RT @loey__mayy: Kenapa gue baru kepikiran sekarang anying 

Woy ChanBaekist, khususon yg nonton 2gether the series. 

Apa iya SARAWAT-TINEâ€¦
Btw disini Gong yoo suami-able banget yaAllah kalo di dunia ini beneran ada yg kyk gini sifat nya tolong simpenin sâ€¦ https://t.co/liYuEYSfvu
@SideAccountJPF Beda serial beda alur kok!!
Aku awalnya juga gak tahu sama sekali tentang gundam terus nonton seriaâ€¦ https://t.co/og6k4Qo4f0
@moviemenfes Gua baru nonton me before you
Tapi asli sedih banget itu anjgg ğŸ˜­ğŸ˜­ğŸ˜­
@Rayaaap klo pernah nonton film2 aksi biasanya basenya kayak gitu
Awal nonton #2getherTheSeries (Thailand) cringe parah, setelah dua episode kok ya bikin nagihh
ğŸ˜†ğŸ˜†
RT @Kapalxfess: hah? 

"Om kerjanya masih lama nggak?"

"Sebentar lagi, sayang. Emang mau ke mana, hmm?"

"Nonton Frozen II yuk, om!"

"Kanâ€¦
@jokowi Pak, mohon maaf pak. Bapak suka nonton film thriller yah? Penuh plot twist deh. Sukanya bikin jantungan di awal ğŸ˜
ripoffnya the gifted
kalian kalau nonton to my world sama hands on me masih suka stress mendadak gitu gak sih soalnya aku iya..
RT @K_DramaIndo: Ga nyangka, berbekal HP doang @k_dramaIndo bisa produksi 2 drama halu ğŸ˜­ğŸ˜†

Ramadhan tahun ini bakalan penuh warna... Kalianâ€¦
nonton kingdom eps 2 yang terakhirnya bikin sedih anjirğŸ˜­ ahn hyeon harabojiiiğŸ˜­ğŸ˜­ğŸ˜­
nonton drakor apa main tiktok? ga ngerti dua2nya tp
Yang cari film buat ngisi waktu luang, nih ada film recommended, aku hari ini baru nonton 5 eps, keren parah
@extrvrtppl nonton dr romantic ih rame
@idolfess Ya Allah td gue abis nonton lg song song couple ğŸ˜­
@doyounglvs subhanallah, tutu. rumah ibu aku sama kos itu deket hahahaha :(((

ayok, tutu enakan ngekos sumpah mauâ€¦ https://t.co/Lt1eNj5twf
RT @Dodit_Mulyanto: Pada th 90an Belum ada listrik pake dimar ublik, suasana peteng remangâ€ tv bapak pake accu klo abis harus disetrumkan,â€¦
Ke super....... kaya lagi nonton tinju rame banget ada yang berantem https://t.co/j4lNfFPkIE
RT @gowjek: @AREAJULID pelajaran: 

alangkah baiknya menonton sesuatu sampai habis sblm menghujat alias gue udah emosi anjing untung nontonâ€¦
Dah lah drpd pusing pusing nangis mulu grgr info utbk. Mending nonton megateng waelahh:') https://t.co/uqveMxkNaq
Semoga bakul dan pemborong masker &amp; hand sanitizer sadar setelah nonton video ini. Dalam kondisi seperti ini, Jangaâ€¦ https://t.co/2ZI8EdUnsL
Jujur kalau lihat konser Nct Dream, jadi keinget nonton konser Infinite waktu 2015. Jadi kangen lihat,aku udah pernâ€¦ https://t.co/NvPYeWhFMK
Masuk dan nonton LIVE PO_ğŸ”¥UZUMAKI di #BIGOLIVE: Bismilah  
https://t.co/9wRsjbAEEQ https://t.co/UQo9uWG5x0
@idolfess Nonton konser, belom
Nonton Money Heist ga bagus buat kesehatan jantung ya ğŸ˜”
@icblues Jaman dulu pas nonton adegan begini aku mah anteng aja.

Giliran sekarang ngeliat.. ternyata tetep anteng
Nonton kaya gini yg lengkap dmnnn? ğŸ˜«
RT @dongpyoeoma: Yok semangat biar nanti X1 Unit kebentuk sebelum Juli biar kita bisa rayain ulang tahu Junho bareng-bareng sambil nonton Vâ€¦
@HemmoskyW @isntdeline gue yg ngedit anying nahan tawa dah kek nonton ovj
@fessthai Suka sih ide ceritanya. Cuma makin ke sini makin agak gak jelas. Couplenya kebanyakan. TAPI PLIS NONTON Kâ€¦ https://t.co/FFtAzVTGKI
@kcimjunkyu Mahu nonton berbi
Nonton drakor aneh gegara tokoh utamanya kocheng ğŸ˜“ğŸ˜§ğŸ˜©
orangÂ² pas karantina di rumah :
- nonton drakor
- bersihÂ² rumah
- bikin tiktok
- rebahan
vs
aku :
- luka
- lariÂ² diâ€¦ https://t.co/uych6p0Fr4
@tercantyeol ayoo nonton itu kisah kita semua ajsgsjhs
Sudah nonton 4 episode #TheWorldoftheMarried tapi hujatan tidak henti-hentinya saya panjatkan.. Astaghfirullah
RT @bayu_joo: main hape
bosen

nonton film
bosen

main game
bosen

tapi kalo ngga ngapa2in lebih bosen
Masuk dan nonton LIVE ğŸ”¥Memel di #BIGOLIVE: ğŸ¤ªğŸ¤ª  https://t.co/qHas6RFe2v https://t.co/xvaJ6i0lM3
Capek banget gw nonton #TOSSARAà¸§à¸´à¸¨à¸§à¸°à¸¡à¸µà¹€à¸à¸µà¸¢à¸£à¹Œà¸™à¹ˆà¸°à¹€à¸¡à¸µà¸¢à¸«à¸¡à¸­ 
ğŸ˜³ğŸ¤§ğŸ¤§ bucin banget kalian anjir
gr gr si @neekuus gw jd pen nonton hsm anjir
RT @dongpyoeoma: Yok semangat biar nanti X1 Unit kebentuk sebelum Juli biar kita bisa rayain ulang tahu Junho bareng-bareng sambil nonton Vâ€¦
RT @MariaNatalika: https://t.co/tmXjw3PWGE

Gais, aku tau kalian gabut karna rebahan trs. Jadi aku bagi spesial buat kalian yaitu 'THEREFORâ€¦
@mochamadfauzank @rezajaun10 Wkwkwkkwwkw ojan juga nonton???
RT @dongpyoeoma: Yok semangat biar nanti X1 Unit kebentuk sebelum Juli biar kita bisa rayain ulang tahu Junho bareng-bareng sambil nonton Vâ€¦
@opposite6890 @msaid_didu Malu ah nonton nya .....
RT @K_DramaIndo: Ga nyangka, berbekal HP doang @k_dramaIndo bisa produksi 2 drama halu ğŸ˜­ğŸ˜†

Ramadhan tahun ini bakalan penuh warna... Kalianâ€¦
@tilehopper Eiya lupa mau nonton ini!
azasu
@dindapertiw_ cimoy gausah di firalin. nonton japanese. big tit.
@ssectumssempra_ Money heist 1-10 berapa? Mo nonton tp masi maju mundur wkwk
@NB01RYUJIN UDAH NONTON BELUM?!
Ada yang nonton in turn left turn right ga? Episode terakhir nya episod 10?
@Iebihprefer OH IYA ZIMA BLUE YG KOLAM RENANG ITU YA... jujur aku nonton itu jg amaze bgt sm visualnya tapi aku nga ngerti ceritanya :(
@lolipajinzz Yaudah nonton sana
@SideAccountJPF BTW MUTUALAN YOK!! AKU JUGA BUTUH TEMEN NGEHYPE KALO KAMU JADI NONTON GUNDAM BUILD FIGHTER HEHEHEH
Istriku ikut nonton ya. ğŸ˜
PRIDOT
RT @gashimaoni: @C0ME0NCHELSEA wah bentar lagi dong nih ya kick off nya. siap2 nonton dulu ahh, moga chelsea menang
RT @Kapalxfess: hah? 

"Om kerjanya masih lama nggak?"

"Sebentar lagi, sayang. Emang mau ke mana, hmm?"

"Nonton Frozen II yuk, om!"

"Kanâ€¦
#Erasmo

Pada nonton dan dengerin lagu baru idle dong. Gamau stress sendiri gua.
@yehsuhwa Saya udah selesai nonton MVnya ğŸ˜
Quarantine self day sekian pusing mau nonton juga tdk mood dan bingung mo nonton apa
@AREAJULID Disel nonton netflixğŸ™„
@FerdinandHaean2 Kalau yg doyan nonton film porno ? Dia pasti nonton video nya? Adil lah dalam mengkritik org 
..apa pendapat sampean lae ?
@bubbywic @rlthingy bagi dong 
mau nonton banget nih
Yey, bisa nonton Mawar Eva lagi hehe
RT @wouszhin: @PLAYRPBASE Xixixixixixxiixixi dia pinter masak soalnya pas gorengÂ² kemaren nda gosooong &gt;.&lt;
Gaada yg lebih sibuk sih, sesibuâ€¦
RT @rvyeriya: HEY AKU SUDAH NONTON MVNYA KALIAN HUHU CANTIK CANTIKKKğŸ’˜ğŸ’˜ğŸ’˜ğŸ’˜ @cmyyeon @minnyies @yuqiqato @yerhshuhua
ayo nton sotus karna katanya beside on real life
@iirenekr Harus nonton dulu baru ovo!
@taemworks MV GG yang aku tonton suka rela di pertama rilis ğŸ˜‚ kalo yang lain ngak mau nonton paling dah sebulanan nâ€¦ https://t.co/aeASUZCaCg
mau nonton coco ğŸ˜­
@SideAccountJPF Tunggu apalagi nder ayok nonton &gt;&lt;
jadi bimbang antara riwoc produce 101 china atau nonton youth with you
RT @bayu_joo: main hape
bosen

nonton film
bosen

main game
bosen

tapi kalo ngga ngapa2in lebih bosen
RT @aciciated: Konsernya Wanna One, â€œOne The Worldâ€ in Jakarta pas lagu â€œAlwaysâ€. Ini bukan videoku. Punya VotumVidei (?) kalau ga salah. Tâ€¦
Gue gak sanggup nonton ini
@idolfess nonton konser, sm fansignğŸ˜­(nntn unlock semoga kesampean thn iniğŸ˜­)
@wouszhin @PLAYRPBASE Nonton bkp yuk
nangis bgttt masih baper nonton hanbin&amp;bobby perform empty feat anak2 winner ğŸ˜­
RT @subtanyarl: Tanyarl gw cowo, gw sering bgt ngatain cewe yg nonton drakor trus nangis" and then gw nyoba men challenge diri gw nonton drâ€¦
RT @dongpyoeoma: Yok semangat biar nanti X1 Unit kebentuk sebelum Juli biar kita bisa rayain ulang tahu Junho bareng-bareng sambil nonton Vâ€¦
7. Women with a Suitcase 

Lupa lupa inget, tapi seinget gue waktu nonton ini seru dan enjoy bener. Tentang kehidupâ€¦ https://t.co/r4HS17h8S1
Ibu gue nonton indosiar mulu dah. Pusing gue denger orang jahat muluğŸ˜‚
@moviemenfes Baru nonton kemarin, pas ending "hah udah gitu aj?"
RT @bayu_joo: main hape
bosen

nonton film
bosen

main game
bosen

tapi kalo ngga ngapa2in lebih bosen
RT @bayu_joo: main hape
bosen

nonton film
bosen

main game
bosen

tapi kalo ngga ngapa2in lebih bosen
Nonton drakor kenapa suka denger lagunya ada lirik sange sange
ADEK GUE AKHIRNYA MULAI NONTON DRAKOR YEOREOBUN
#CrashLandingOnYou is his 1st choice ğŸ‰ğŸ‰
@FerdinandHaean2 Pejabat yg suka nonton
@MariaNatalika Huhuhu makasih, tapi sayangnya gw takut nonton thereforeã… ã… 
njir apaan apaan neh tahun gue udah pada jungkir balik ngerjain tpa sampe nonton video cara nembak jawaban yang baiâ€¦ https://t.co/nvHVsjCAWN
RT @BellamyyMatt: @C0ME0NCHELSEA ga sabar neh mo nonton..masih 1,5jam lagiğŸ˜ğŸ˜ğŸ˜
yhaaa telat banget baru nonton filmnya bang wes anderson https://t.co/5fKd9VFYIT
RT @bayu_joo: main hape
bosen

nonton film
bosen

main game
bosen

tapi kalo ngga ngapa2in lebih bosen
RT @rzkyliams: taun lalu di dwp2019, kangenğŸ˜¥ https://t.co/oiYVcBvByZ
@weishenvess Dream Launch, brasa lg nonton series netflix
@eajxd6 Nonton bang
@mydiademuertos @wizdiningrat @hmzhie @ratu0210 @moviemenfes PK sama 3 idiots yg main sama, gw bawaannya tiap filmâ€¦ https://t.co/CDygc5h8iw
list nonton film/series makin bertambah aja bangsat ğŸ˜­ğŸ˜­
konser saosin dgn kearifan lokal https://t.co/69qDhhZ14g
Kek mana si beb? Kalo bikin anxiety gue gamau nonton
my bestie send me a video of bts from tv. then i think again, terakhir kali aku nonton tv tuh kapan?

..... a year ago :)
Nonton online Gleipnir Episode 1 (ã‚°ãƒ¬ã‚¤ãƒ—ãƒ‹ãƒ« 2020) https://t.co/cPoCRURmv0
@kikanrey @planetchilds haha setauku sih kalo mau ngluarin jin pencet jempol kaki. kalo kalian mau tau tentang jinâ€¦ https://t.co/8CPwmdlQgS
Gua pikir doi punya twitter buat ngeluh masalah IDUP doang oalah buat nonton drama timeline juga
@nafahhhh @jalanemassss Kalau corona sdh selesai kyknya mauja ke bioskop nonton ini habis itu keluar dehğŸ™
@thaaitalk Aku gak kuat nonton sotus soalnya kerjaannya tereak tereak mulu gak kuat dan gak aku lanjutin
@sprinkledosa dr jauh nonton "de ayo nonton temenin gue" hahahaha
Nonton #TheWorldoftheMarried mesti banyak istighfar....
Seo Jun ve Hyunbin siz bunlarÄ± hak etmediniz skshspwusjswjbsÅŸabdwÅŸdnÅŸqjwÅŸqbdpshwpedn
RT @divasb_10: @x1global101 @x1official101 Jangan biarin gua nonton sinetron indosiar terus 
#ì°¨íŠ¸ì¸ìœ¼ë¡œ_ì˜¨ì„¸ìƒì„í”Œë˜ì‹œ 
#makeflash_flash 
@x1official1â€¦
Ctbz klo disuruh milih, ikut fansign berkaliÂ² tp ga diinget atau nonton konser berkaliÂ² tp paling belakang
@__MV_llestari__ Permainan catur semakin seru ini,yg nonton juga pusing mikirin jalannya
@paramitadita Ka dit. Sekadar saran abis tamatin Itaewon Class coba nonton Hi Bye Mama deh
@krdramafess SETUJU!! Biasanya aku kesel sama alur lambat tapi sama ini engga. Enak dilihat banget ini drama. Mulaiâ€¦ https://t.co/cfzRDsQ4Bu
RT @expelliarmusc: KARENA ğŸŠ IDLE COMEBACK ğŸŠ

AKU MAU BAGI2 50K UNTUK SATU ORANK DAN 20K BUAT 2 ORANK 

SYARATNYA NONTON MV IDLE JANGAN LUPAâ€¦
@nadyanftwa @moviemenfes Saya nonton lewat popcorn time.
yg disebelin dari pandemi ini adalah skrg gue lagi sedih kesel trs pgn keluar pengen ke fore pengen nonton pengen kâ€¦ https://t.co/6jPGQeMbcp
RT @HezekiaBenjamin: Stay at home nonton sdilut ae ngilingi pening @ayah_9garislucu @hamka_sutra @ahmad_subana @tjhinfar21 

Tarik mbak eeeâ€¦
@BudTeguh @FerdinandHaean2 Pejabat aja ada suka nonton film porno
Bener ya kata adek gua ngapain nonton drama padahal drama hidup gua aja udh banyak ahahahaha
stranger things aj blum ak kelarin mw sok2an nonton money heist... goblokk
RT @bayu_joo: main hape
bosen

nonton film
bosen

main game
bosen

tapi kalo ngga ngapa2in lebih bosen
RT @Husen_Jafar: Serial ngobrolin Islam &amp; fenomena corona sudah tayang semua. Ada 3 vlog. Yg belum nonton atau masih nonton sebagian, silakâ€¦
ABIS NONTON VLIVE MIGUUUUUUUUU ğŸ¤“ğŸ¤“ğŸ¤“ğŸ¤“âœŒğŸ»
@mariacrusitas gabisa mulai nonton series tanpa di spoilerin:(
Lu cuma nonton aja banyak bacot, semua pemain juga takut sama ekspetasi orang" ke drama school series ini, ga lu doâ€¦ https://t.co/DuRggqmjDz
RT @K_DramaIndo: Ga nyangka, berbekal HP doang @k_dramaIndo bisa produksi 2 drama halu ğŸ˜­ğŸ˜†

Ramadhan tahun ini bakalan penuh warna... Kalianâ€¦
Park Seo Joon kenapa pas begini oyyy ğŸ˜‚ğŸ˜‚
@kyeompleted Dari dulu ya na kita nih nonton konser buat haha hihi doank. Di notice itu bonus ğŸ¤£ğŸ¤£ğŸ¤£
RT @614STUDIO: Kalo lo ngerasa musiknya Chanyeol nggak masuk di telinga lo, seengaknya lo respek kerja keras dia, Chanyeol berkarya bukan uâ€¦
@KTHsvr Nonton orang mukbang tengah malem tanpa bikin mie
@idolfess jalur diajakin emak nonton drakor dr jaman gue tk
@seterahdeh Terakhir nonton konser :( https://t.co/r4gkMSeLYI
@strawderrynana_ Aku mau nonton ini jg tapi takut ğŸ˜­
@hanantadika96 spoiler dong gue belom nonton
Ibuk bosen sama tontonan tv, ketagian nonton @kisahtanahjawa ğŸ˜‚ğŸ˜‚ https://t.co/tovSiAsxk3
pantesan waktu nonton btimfl jung somin wajahnya gak asing, ternyata mirip yujin sjdhk
Nonton when marnie was there utk yg kedua kalinya malah makin gaberenti nangis fak cupu bats w
Alhamdulillah im beyond grateful. Trus nonton drama banyak episode. Padahal banyak tugas. But it's oke. I deserve itğŸ˜­ğŸ’ª
@SUBIN99PF brb nonton mv anang
BENAR KUMENCINTAIMU TAPI TAK BEGINIğŸ™…â€â™‚ï¸
@sanflawer12 @214ngeleeasli @luviesdla @idolfess Pernah baca di artikel atau pernah nonton di mana gitu, alasan kenâ€¦ https://t.co/eyVZpAILC6
RT @teyoen_ss: Hey!! Congratulations for (G)I -DLE Comeback ğŸ‰ğŸ‰ğŸ‰

aku kayak nonton thriller, Sukses kalianğŸ‰ğŸ’œğŸ’œ

@cmyyeon @yerhshuhua @sonwoogâ€¦
Nder...
Eh gw nonton iklan marjan, terus gw keinget kita yg pernah meranin drama bhs inggris lutung kasarung kls 11 sama kaâ€¦ https://t.co/gs0YVNDCAy
RT @Wannable_twts: Do you feel the same?
 "WANNA ONE !"

Do you feel the same?
"YES, I DO !"

Yang nonton wannaoneinjkt pasti inget fanchanâ€¦
RT @vitasomyn: WOOOW EMANG GILA CONCEPTNYAAA.ğŸ˜­ğŸ˜­ğŸ˜­ Congrats comebacknya eonni-eonnikuuu!!! Keren bbbbbangett.ğŸ˜­ğŸ˜­ğŸ§¡ aku akan nonton 1000x ğŸ˜­

( @â€¦
baru pertama nonton drama segasuka itu
RT @Wannable_twts: Do you feel the same?
 "WANNA ONE !"

Do you feel the same?
"YES, I DO !"

Yang nonton wannaoneinjkt pasti inget fanchanâ€¦
The Handmaid's Tale series ini lumayan beda sama versi filmnya. Coba nonton dulu sampe selesai... https://t.co/4Mh2jXwQ6e
RT @dongpyoeoma: Yok semangat biar nanti X1 Unit kebentuk sebelum Juli biar kita bisa rayain ulang tahu Junho bareng-bareng sambil nonton Vâ€¦
@exulancis @fikriihsan_ Gandeng anjinkk ulag diwaro can nonton season 4 mah brou
@uglyalpacaa konser juga ğŸ˜­ğŸ˜­ğŸ˜­ harus nonton brg!!!!!!!
RT @dongpyoeoma: Yok semangat biar nanti X1 Unit kebentuk sebelum Juli biar kita bisa rayain ulang tahu Junho bareng-bareng sambil nonton Vâ€¦
RT @dongpyoeoma: Yok semangat biar nanti X1 Unit kebentuk sebelum Juli biar kita bisa rayain ulang tahu Junho bareng-bareng sambil nonton Vâ€¦
Ak nonton La la land nangis terus ga berhenti ğŸ˜”
Gusti ~
NgakakkkkğŸ˜‚ğŸ˜‚ hyun bin ganteng bgttt, son ye jin cantipp bgt ughteaaa
RT @dongpyoeoma: Yok semangat biar nanti X1 Unit kebentuk sebelum Juli biar kita bisa rayain ulang tahu Junho bareng-bareng sambil nonton Vâ€¦
RT @dongpyoeoma: Yok semangat biar nanti X1 Unit kebentuk sebelum Juli biar kita bisa rayain ulang tahu Junho bareng-bareng sambil nonton Vâ€¦
@thatminhee Belum sempet nonton semua drakornya 13 15 17
@moviemenfes whats wrong with secretary kim, asli pengen nonton drakor terus abis itu haha
Nyesel-nyesel dah lu pada nyuruh gue nonton aot https://t.co/XAVIW3EmHt
@RaditNotReddit @bedebah07 Wkwkw bisa jadi. Plottwistnya dpt bgt. Maya harus nonton!!!
Pas gabut nonton tv wkwkw
1. BOYS OVER FLOWERS
Ini drama yang gua tonton di RCTI pas 2015, gua awalnya iseng aja nonton ini karena lagi gabutâ€¦ https://t.co/EV0LLiKaXa
@theanaa__ Kegabutan kalo nonton sambil megangin remot tv. ğŸ˜‚
huhuhu emang :"(
peraya akan selalu ada
RT @echachaa__: ã…¤

ã…¤
nonton bokep lebih indah 
daripada harus nontonin kamu mesra-mesraan sama dia 

              ã…¤            
     
ã…¤ã…¤ã…¤
Bahkan kalau kelewat dua atau tiga episode gitu masih bisa ngikutin alur ceritanya, dan drama ini yang ngebuat guaâ€¦ https://t.co/VahlLRAiir
Pen nonton konser ndx aka sama caknan
@KM_GYURI97 Udah nonton mv h&amp;d belum nun?
@pineapplejaem OTW NONTON ğŸ˜—
@jimiinxjamiie Nonton apa biasanya?
Tmnku yg Wang Wook garis keras dari awal langsung banting2 barang pas liat ini. Trus ogah nonton sampe akhir pdhl dâ€¦ https://t.co/38ezXLlxFo
RT @JoinTelegram: Asupan pagi ini

Join channel kita gan
https://t.co/PNgb1UpbRk
Mau nonton live? Add ini
https://t.co/YR8o1c7iR2
Bisa viaâ€¦
Clown banget belum nonton ainana S1 tapi nonton S2 cuman karena re:vale hahaha ya aku ğŸ˜”âœŒ
@GulaPutih93 @moviemenfes rate dong, mju mundur mau nontonğŸ˜‚
@PrimzZo lagi on going atau enggak? gilaaa penasaran.. lah gak nyangka nonton drakor juga zo
Masuk dan nonton LIVE ğŸ‘‰BDğŸ‘Œ-Nez BuRet di #BIGOLIVE: mulut lo sampah  
https://t.co/4ehwqfYpey https://t.co/VG9YyU91T0
ganteng cantik bgt oppa eonnieğŸ˜­
Hai kawan aksi, kalau habis bekerja biasanya kalian ngapain nih?
1. makan cemilan?
2. nonton youtube?
3. dengerin pâ€¦ https://t.co/JUKjczKCab
@woelannnn Mudah2an kepala nya makin botak di penjara, karena nggak bisa nonton bokep lagi.........
Nonton sotus dimana sih jd penasaran grgr bnyk yg bilang bagus
Masuk dan nonton LIVE ğŸŒªPwâš¡ di #BIGOLIVE  
https://t.co/zqVAtEYkwB https://t.co/q3YleQH0I1
RT @smstan_tuwir: Yes, kita kuat ketika bersatu. Dari mereka yang paling lama sampai mereka yang paling muda.

Nonton videonya berasa... Kiâ€¦
RT @K_DramaIndo: Ga nyangka, berbekal HP doang @k_dramaIndo bisa produksi 2 drama halu ğŸ˜­ğŸ˜†

Ramadhan tahun ini bakalan penuh warna... Kalianâ€¦
RT @amsalri4: Pateeen @NajwaShihab

"Oh ya..titip cek lagi sel Papa Setya Novanto,...masih di sel lagi nonton Netflix atau lagi plesiran maâ€¦
Nonton berkedok belajar bahasa inggris adala jalan ninjakuğŸ˜Œ
Tiap sore nonton heart series jadinya, hanya di stcp
kalo nonton suka yang...
RT @dongpyoeoma: Yok semangat biar nanti X1 Unit kebentuk sebelum Juli biar kita bisa rayain ulang tahu Junho bareng-bareng sambil nonton Vâ€¦
@saintbxby abis nonton animu apa bin
RT @subtanyarl: Tanyarl buat klean yg gk pernah nangis klo liat film, kalian hrs cobain nonton ni film benerÂ² nangis kejer gw nonton ini plâ€¦
@gomkihyun Lumayan, aku sih baru nonton Tunnel aja, tapi kakakku nonton beberapa serial di sana dan bagus-bagus sih
@idolfess 1. Ketemu hyunbin terus bilang "aku sayang kamu, kamu pantas bahagia pantas dapetin apa yang seharusnya kâ€¦ https://t.co/aQIratl9iK
Gabisa gabisa, gw salah nonton filem dah jadinya kepikiran kecoak yg bakal nguasain bumiii ğŸ˜­
Ga sempet nontonğŸ˜­
RT @dongpyoeoma: Yok semangat biar nanti X1 Unit kebentuk sebelum Juli biar kita bisa rayain ulang tahu Junho bareng-bareng sambil nonton Vâ€¦
Sumpah pengen nonton dic  live langsung depan mata gue
@moviemenfes Ke 2 dan 4, ke 3 belum nonton padahal pemerannya idolakuuğŸ˜­
@minwonation Selalu hahahahah sakit bgt sumpah aku abis nonton baru selesee
derita orang yang gaberani maen game horror tapi kepoan âœ‹ğŸ˜­
@nzhrabbani Ngomong=ngomong Nodame jadi inget belum nonton movie-nya Euphonium wq
azasu
sansan nyanyi seven yearsğŸ–¤ https://t.co/1WOKZzxsE8
buahah sering nonton azab indosiar makanya nik, gua terinspirasi dari situ . i love indosiarğŸ˜´
@nothaveakhlaq @leo_edw @jehianps @JeromePolin @Turahpartayana Yang paling depan ngapa kek penjaga nonton balap seh :'
Alaaaa ingtkan What Happen to Monday ada di netflix. baru mau nonton ğŸ˜ª
RT @dongpyoeoma: Yok semangat biar nanti X1 Unit kebentuk sebelum Juli biar kita bisa rayain ulang tahu Junho bareng-bareng sambil nonton Vâ€¦
@TitiwAkmar wah itu sih kayaknyaa kakk penyebabnya juga, ga minum pas nontonğŸ˜‚
@selfolrps alo sender, jangan lupa nonton mv terbaru gi-dle nee 
https://t.co/0gDDdMv2QQ
@lisyaisnotready @txtdariwibu Gue jg nih, udh lama ga nonton
Nonton drama padahal masih eps 8 udah gini anyingğŸ˜­ https://t.co/GkOtoW7Lm1
@rikayunitaa Kunci nonton series tuh satu: sabar. :)
@krdramafess Goo Soo bening amattt ini heh. Nonton dia cuma di film doangğŸ˜…
kalo pernah nonton meat grinder, nah ini sama. 

sama mualnya:"
Kalian kangen ini gak ?? (Nonton nya oake headset atau earphone biar makin jelas) https://t.co/tIUX0AXt0g
@irvenei aku ampe nonton video biar dapet koinâ˜¹ï¸
@fessthai pokoknya lucu nderrr, ayo nonton
[az] atiny aku pengen nangis soalna baru aja nonton code name is ateez terus mikirin perjuangan yang sudah member lâ€¦ https://t.co/dJGBaiXC6k
RT @echachaa__: ã…¤

ã…¤
nonton bokep lebih indah 
daripada harus nontonin kamu mesra-mesraan sama dia 

              ã…¤            
     
ã…¤ã…¤ã…¤
Tennag yg nonton nyamuk jd gpp udh kebalğŸ˜
/mvs/ IT chapter two ada adegan dewasa atau 18+ nya gak ya? Aku mau nonton dirumah sama keluarga, takut awkward wkwk.
Aku juga nonton. Kamu di seat mana Bi?
/mvs/ kalo mau nonton series ny sarawat2 itu tuh jdulny ap gais? trus nonton dmn? youtube?
Hey gue baru nonton full eps pilot original Gossip Girl, surprisingly gue lebih suka yang versi Indonesia... Wow, Bâ€¦ https://t.co/dAfOgyRGve
@strawderrynana_ CEPETAN NONTON
Pen nonton konser ndx aka atau caknan
AOAKOAKAOAKAOKAKAKAKKAOAKOK.
Pengen nonton konser tulusssssssssss
Ohiya lupa ğŸ˜€ brb
@SMBS_rio @FerdinandHaean2 @BigsJoni @faizalassegaf @ustadtengkuzul @haikal_hassan @msaid_didu @fadlizon Coba cek .â€¦ https://t.co/ChCL3fSYBo
RT @Wannable_twts: Do you feel the same?
 "WANNA ONE !"

Do you feel the same?
"YES, I DO !"

Yang nonton wannaoneinjkt pasti inget fanchanâ€¦
RT @Wannable_twts: Do you feel the same?
 "WANNA ONE !"

Do you feel the same?
"YES, I DO !"

Yang nonton wannaoneinjkt pasti inget fanchanâ€¦
Nonton online Shachou, Battle no Jikan Desu! Episode 1 (ç¤¾é•·, ãƒãƒˆãƒ«ã®æ™‚é–“ã§ã™! 2020) https://t.co/agMR4Xj4un
RT @cinematicorgasm: Dapet dari @studioantelope 
Ditantang main bingo sama @bung_harry 
Hehehehe

Btw, Musim Berpergian (arie susanto) ituâ€¦
MENANGIS MSENAJIS
nonton berulang-ulang ngakak mulu astaggaaa ğŸ˜‚ğŸ˜‚ğŸ˜‚
RT @K_DramaIndo: Dari depan kulihat #LeeMinHo
Bayangan dicermin kulihat #WooDoHwan
Apakah aku udah gak sabar nonton #TheKingEternalMonarchâ€¦
RT @idolfess: -idol statisfying banget nonton ini ğŸ˜­ğŸ˜­ coba liat deh

https://t.co/8ROtP9Rheg
pengen nonton heart signal 3 tapi...
@gowjek Pas nonton one piece ace mati didepan luffy, sampe ga masuk kuliah gw ğŸ˜­
hdh males ngediiiiiiiit. pengen nonton drama ajaaaaaa.
Aw aw mantap" ğŸ¤˜ğŸ¤˜
RT @girlgrouparea: gg! siapa stan apink dari jaman baheula!? nangis ga nonton ini? ga kerasa udah mau 9 tahun ğŸ˜­  https://t.co/h4SJSnMth8
@selfolrps alo sender, jangan lupa nonton mv terbaru gi-dle nee
@idolfess Nonton konser,fanmeet sambil bawa hasil karyaku ğŸ˜­ğŸ’œ dan bisa nunjukin ke mereka
@mologys gatau hyung soalnya belom nonton
Beneran emosi nonton ini drama dong #TheWorldoftheMarried https://t.co/hD8l8lz3SY
RT @echachaa__: ã…¤

ã…¤
nonton bokep lebih indah 
daripada harus nontonin kamu mesra-mesraan sama dia 

              ã…¤            
     
ã…¤ã…¤ã…¤
Nonton 2 Drakor blm selesai semua udh pgn nonton yg lain lagi, tolong aku butuh libur panjang:((
@ricky_un1ty Mikirin kamu aja de ğŸ˜‚ğŸ˜‚ makan, tidur, nonton HBO dan seterus nya ğŸ˜ğŸ˜
@ICveenia Gue abis marathon nonton semua encore ini sambil memaki2 jetibisi kenapa ga ditayangin
@FUSUNGJIN93 (g)-idle? Wah gila, keren pasti. Belum nonton soalnya ğŸ˜‚ //
@rafilhamrfy Nyesel kan lu nonton sampe abis
// Reply 1988 serunya mulai eps brp yaahh? Aku nonton eps 1 bosen bgtt. ğŸ˜­
@Yeniutari_ Iya masih on going wkwk.
Awalnya tidaa. Tapi kata temen greget ku cuba nonton 1 episode ternyata bangsat.
